date,period,entry_price,exit_price,pct_return,abs_return,direction,days
2014-01-02,2014-2015,420.5,428.0,1.7835909631391145,1.7835909631391145,long,10
2014-01-03,2014-2015,423.5,424.0,0.11806375442739991,0.11806375442739991,long,10
2014-01-06,2014-2015,427.75,425.0,-0.6428988895382792,0.6428988895382792,short,10
2014-01-07,2014-2015,426.0,426.25,0.058685446009398845,0.058685446009398845,long,10
2014-01-08,2014-2015,417.0,429.0,2.877697841726623,2.877697841726623,long,10
2014-01-09,2014-2015,412.0,429.5,4.247572815533984,4.247572815533984,long,10
2014-01-10,2014-2015,432.75,431.75,-0.23108030040439598,0.23108030040439598,short,10
2014-01-13,2014-2015,434.5,432.0,-0.5753739930955071,0.5753739930955071,short,10
2014-01-14,2014-2015,431.5,427.5,-0.9269988412514474,0.9269988412514474,short,10
2014-01-15,2014-2015,425.75,433.5,1.8203170874926622,1.8203170874926622,long,10
2014-01-16,2014-2015,428.0,434.0,1.4018691588784993,1.4018691588784993,long,10
2014-01-17,2014-2015,424.0,435.75,2.77122641509433,2.77122641509433,long,10
2014-01-21,2014-2015,425.0,441.75,3.9411764705882257,3.9411764705882257,long,10
2014-01-22,2014-2015,426.25,443.25,3.9882697947213996,3.9882697947213996,long,10
2014-01-23,2014-2015,429.0,443.0,3.263403263403264,3.263403263403264,long,10
2014-01-24,2014-2015,429.5,444.25,3.434225844004657,3.434225844004657,long,10
2014-01-27,2014-2015,431.75,443.0,2.6056745801968706,2.6056745801968706,long,10
2014-01-28,2014-2015,432.0,441.5,2.19907407407407,2.19907407407407,long,10
2014-01-29,2014-2015,427.5,440.0,2.923976608187129,2.923976608187129,long,10
2014-01-30,2014-2015,433.5,440.5,1.6147635524798254,1.6147635524798254,long,10
2014-01-31,2014-2015,434.0,445.25,2.5921658986175045,2.5921658986175045,long,10
2014-02-03,2014-2015,435.75,449.5,3.1554790590935244,3.1554790590935244,long,10
2014-02-04,2014-2015,441.75,453.75,2.716468590831922,2.716468590831922,long,10
2014-02-05,2014-2015,443.25,455.75,2.820078962210948,2.820078962210948,long,10
2014-02-06,2014-2015,443.0,453.0,2.257336343115135,2.257336343115135,long,10
2014-03-28,2014-2015,492.0,498.5,1.3211382113821113,1.3211382113821113,long,10
2014-05-21,2014-2015,474.5,449.0,-5.374077976817704,5.374077976817704,short,10
2014-05-22,2014-2015,476.75,459.0,-3.723125327739907,3.723125327739907,short,10
2014-05-23,2014-2015,478.0,451.0,-5.648535564853551,5.648535564853551,short,10
2014-05-27,2014-2015,469.75,445.5,-5.162320383182539,5.162320383182539,short,10
2014-05-28,2014-2015,472.5,441.0,-6.666666666666665,6.666666666666665,short,10
2014-05-29,2014-2015,469.5,444.0,-5.431309904153359,5.431309904153359,short,10
2014-05-30,2014-2015,465.75,447.0,-4.025764895330108,4.025764895330108,short,10
2014-07-02,2014-2015,418.5,379.5,-9.31899641577061,9.31899641577061,short,10
2014-07-03,2014-2015,417.0,371.25,-10.971223021582732,10.971223021582732,short,10
2014-07-07,2014-2015,409.25,364.0,-11.056811240073305,11.056811240073305,short,10
2014-07-08,2014-2015,408.25,360.25,-11.757501530924674,11.757501530924674,short,10
2014-07-09,2014-2015,404.0,362.5,-10.272277227722771,10.272277227722771,short,10
2014-11-03,2014-2015,373.5,377.5,1.070950468540821,1.070950468540821,long,10
2014-11-04,2014-2015,364.5,372.0,2.0576131687242816,2.0576131687242816,long,10
2014-11-05,2014-2015,370.25,363.25,-1.8906144496961486,1.8906144496961486,short,10
2014-11-06,2014-2015,371.25,373.25,0.5387205387205496,0.5387205387205496,long,10
2014-11-07,2014-2015,367.5,372.75,1.4285714285714235,1.4285714285714235,long,10
2014-11-10,2014-2015,369.25,367.5,-0.4739336492891044,0.4739336492891044,short,10
2014-11-11,2014-2015,373.75,374.25,0.13377926421405117,0.13377926421405117,long,10
2015-02-10,2014-2015,388.0,375.75,-3.1572164948453607,3.1572164948453607,short,10
2015-02-11,2014-2015,385.75,380.0,-1.4906027219701912,1.4906027219701912,short,10
2015-02-12,2014-2015,383.0,384.5,0.3916449086161844,0.3916449086161844,long,10
2015-02-13,2014-2015,387.25,378.75,-2.1949644932214296,2.1949644932214296,short,10
2015-02-17,2014-2015,389.5,382.0,-1.9255455712451908,1.9255455712451908,short,10
2015-02-18,2014-2015,383.75,381.5,-0.5863192182410382,0.5863192182410382,short,10
2015-02-19,2014-2015,389.75,382.75,-1.7960230917254627,1.7960230917254627,short,10
2015-02-20,2014-2015,385.25,379.25,-1.5574302401038298,1.5574302401038298,short,10
2015-02-23,2014-2015,378.75,383.25,1.1881188118811892,1.1881188118811892,long,10
2015-02-24,2014-2015,377.5,382.25,1.2582781456953684,1.2582781456953684,long,10
2015-02-25,2014-2015,375.75,384.0,2.195608782435121,2.195608782435121,long,10
2015-02-26,2014-2015,380.0,382.25,0.5921052631578938,0.5921052631578938,long,10
2015-02-27,2014-2015,384.5,374.0,-2.73081924577373,2.73081924577373,short,10
2015-03-02,2014-2015,378.75,379.0,0.06600660066007347,0.06600660066007347,long,10
2015-03-03,2014-2015,382.0,371.0,-2.8795811518324554,2.8795811518324554,short,10
2015-03-04,2014-2015,381.5,374.75,-1.7693315858453462,1.7693315858453462,short,10
2015-03-05,2014-2015,382.75,373.5,-2.4167210973220166,2.4167210973220166,short,10
2015-03-06,2014-2015,379.25,385.0,1.5161502966380969,1.5161502966380969,long,10
2015-03-09,2014-2015,383.25,390.25,1.82648401826484,1.82648401826484,long,10
2015-03-10,2014-2015,382.25,393.25,2.877697841726623,2.877697841726623,long,10
2015-03-11,2014-2015,384.0,395.0,2.864583333333326,2.864583333333326,long,10
2015-04-28,2014-2015,361.0,357.0,-1.1080332409972304,1.1080332409972304,short,10
2015-04-29,2014-2015,363.75,356.0,-2.130584192439866,2.130584192439866,short,10
2015-06-24,2014-2015,366.5,421.25,14.938608458390167,14.938608458390167,long,10
2015-07-01,2014-2015,413.75,430.0,3.92749244712991,3.92749244712991,long,10
2015-08-26,2014-2015,361.75,361.75,0.0,0.0,short,10
2015-08-27,2014-2015,363.75,374.5,2.955326460481089,2.955326460481089,long,10
2015-08-28,2014-2015,363.25,379.0,4.3358568479008985,4.3358568479008985,long,10
2015-08-31,2014-2015,363.75,390.5,7.35395189003436,7.35395189003436,long,10
2015-09-01,2014-2015,356.0,386.0,8.426966292134841,8.426966292134841,long,10
2015-09-16,2014-2015,386.0,387.75,0.45336787564767,0.45336787564767,long,10
2015-09-17,2014-2015,379.75,388.75,2.3699802501645717,2.3699802501645717,long,10
2015-09-18,2014-2015,377.25,389.25,3.1809145129224614,3.1809145129224614,long,10
2015-09-21,2014-2015,384.5,393.5,2.3407022106632036,2.3407022106632036,long,10
2015-09-22,2014-2015,380.5,398.25,4.664914586070967,4.664914586070967,long,10
2015-09-23,2014-2015,383.25,395.75,3.2615786040443684,3.2615786040443684,long,10
2015-09-24,2014-2015,381.5,391.25,2.5557011795543927,2.5557011795543927,long,10
2015-09-25,2014-2015,389.0,382.75,-1.6066838046272514,1.6066838046272514,short,10
2015-09-28,2014-2015,386.75,380.75,-1.5513897866838988,1.5513897866838988,short,10
2015-09-29,2014-2015,389.0,384.5,-1.1568123393316143,1.1568123393316143,short,10
2015-09-30,2014-2015,387.75,379.0,-2.2566086395873652,2.2566086395873652,short,10
2015-10-01,2014-2015,388.75,375.5,-3.4083601286173604,3.4083601286173604,short,10
2015-10-02,2014-2015,389.25,376.75,-3.211303789338471,3.211303789338471,short,10
2015-10-05,2014-2015,393.5,373.0,-5.209656925031769,5.209656925031769,short,10
2015-10-16,2014-2015,376.75,382.25,1.4598540145985384,1.4598540145985384,long,10
2015-10-19,2014-2015,373.0,376.5,0.9383378016085686,0.9383378016085686,long,10
2015-10-20,2014-2015,376.75,380.5,0.995355009953558,0.995355009953558,long,10
2015-10-21,2014-2015,380.75,380.5,-0.06565988181220783,0.06565988181220783,short,10
2015-10-22,2014-2015,378.25,374.5,-0.9914077990746839,0.9914077990746839,short,10
2015-10-23,2014-2015,379.75,373.0,-1.7774851876234399,1.7774851876234399,short,10
2015-10-26,2014-2015,384.5,366.75,-4.616384915474647,4.616384915474647,short,10
2015-10-27,2014-2015,380.0,359.0,-5.52631578947368,5.52631578947368,short,10
2015-10-28,2014-2015,376.0,362.25,-3.656914893617025,3.656914893617025,short,10
2015-10-29,2014-2015,380.0,362.0,-4.736842105263161,4.736842105263161,short,10
2015-10-30,2014-2015,382.25,358.25,-6.2786134728580745,6.2786134728580745,short,10
2015-11-02,2014-2015,376.5,360.0,-4.3824701195219085,4.3824701195219085,short,10
2015-11-03,2014-2015,380.5,362.0,-4.862023653088043,4.862023653088043,short,10
2015-12-07,2014-2015,368.5,372.0,0.9497964721845387,0.9497964721845387,long,10
2015-12-08,2014-2015,370.0,366.25,-1.0135135135135087,1.0135135135135087,short,10
2015-12-09,2014-2015,371.75,365.5,-1.68123739071957,1.68123739071957,short,10
2015-12-10,2014-2015,377.25,364.5,-3.379721669980118,3.379721669980118,short,10
2015-12-11,2014-2015,373.0,361.0,-3.217158176943702,3.217158176943702,short,10
2016-01-04,2016-2017,351.5,367.75,4.623044096728313,4.623044096728313,long,10
2016-01-05,2016-2017,353.0,368.75,4.461756373937686,4.461756373937686,long,10
2016-01-06,2016-2017,353.25,367.0,3.8924274593064467,3.8924274593064467,long,10
2016-01-07,2016-2017,353.0,370.25,4.886685552407921,4.886685552407921,long,10
2016-01-08,2016-2017,357.0,369.75,3.571428571428581,3.571428571428581,long,10
2016-01-11,2016-2017,351.75,369.25,4.975124378109452,4.975124378109452,long,10
2016-01-12,2016-2017,356.75,369.25,3.5038542396636396,3.5038542396636396,long,10
2016-01-13,2016-2017,358.0,365.5,2.0949720670391025,2.0949720670391025,long,10
2016-01-14,2016-2017,358.0,372.0,3.910614525139655,3.910614525139655,long,10
2016-01-15,2016-2017,363.25,371.25,2.20233998623538,2.20233998623538,long,10
2016-01-19,2016-2017,367.75,372.5,1.291638341264445,1.291638341264445,long,10
2016-01-20,2016-2017,368.75,371.0,0.6101694915254141,0.6101694915254141,long,10
2016-01-21,2016-2017,367.0,368.5,0.4087193460490468,0.4087193460490468,long,10
2016-01-22,2016-2017,370.25,365.75,-1.2153950033760963,1.2153950033760963,short,10
2016-01-25,2016-2017,369.75,362.25,-2.0283975659229236,2.0283975659229236,short,10
2016-01-26,2016-2017,369.25,361.0,-2.2342586323628955,2.2342586323628955,short,10
2016-01-27,2016-2017,369.25,360.25,-2.437373053486802,2.437373053486802,short,10
2016-01-28,2016-2017,365.5,360.25,-1.4363885088919282,1.4363885088919282,short,10
2016-01-29,2016-2017,372.0,358.75,-3.5618279569892497,3.5618279569892497,short,10
2016-02-01,2016-2017,371.25,363.0,-2.2222222222222254,2.2222222222222254,short,10
2016-02-02,2016-2017,372.5,367.25,-1.4093959731543593,1.4093959731543593,short,10
2016-02-03,2016-2017,371.0,365.5,-1.482479784366575,1.482479784366575,short,10
2016-02-04,2016-2017,368.5,365.5,-0.8141112618724522,0.8141112618724522,short,10
2016-02-05,2016-2017,365.75,367.5,0.4784688995215225,0.4784688995215225,long,10
2016-02-08,2016-2017,362.25,362.0,-0.06901311249137843,0.06901311249137843,short,10
2016-02-09,2016-2017,361.0,359.75,-0.3462603878116366,0.3462603878116366,short,10
2016-03-01,2016-2017,353.75,368.5,4.169611307420484,4.169611307420484,long,10
2016-03-02,2016-2017,354.5,368.25,3.8787023977433055,3.8787023977433055,long,10
2016-03-03,2016-2017,353.75,368.5,4.169611307420484,4.169611307420484,long,10
2016-03-04,2016-2017,354.5,367.0,3.5260930888575404,3.5260930888575404,long,10
2016-03-07,2016-2017,355.0,369.5,4.084507042253516,4.084507042253516,long,10
2016-03-08,2016-2017,358.75,370.0,3.1358885017421567,3.1358885017421567,long,10
2016-03-09,2016-2017,359.0,368.5,2.646239554317553,2.646239554317553,long,10
2016-03-10,2016-2017,362.5,370.0,2.0689655172413834,2.0689655172413834,long,10
2016-03-11,2016-2017,366.0,370.5,1.2295081967213184,1.2295081967213184,long,10
2016-05-17,2016-2017,397.0,413.75,4.219143576826201,4.219143576826201,long,10
2016-05-18,2016-2017,399.5,415.25,3.94242803504381,3.94242803504381,long,10
2016-05-19,2016-2017,390.0,418.25,7.24358974358974,7.24358974358974,long,10
2016-05-20,2016-2017,394.5,427.25,8.301647655259824,8.301647655259824,long,10
2016-05-23,2016-2017,397.75,427.75,7.542426147077319,7.542426147077319,long,10
2016-05-24,2016-2017,397.5,431.25,8.490566037735858,8.490566037735858,long,10
2016-07-29,2016-2017,334.5,322.25,-3.6621823617339344,3.6621823617339344,short,10
2016-08-01,2016-2017,325.75,326.5,0.23023791250960102,0.23023791250960102,long,10
2016-08-02,2016-2017,324.25,327.5,1.0023130300693905,1.0023130300693905,long,10
2016-08-03,2016-2017,325.0,330.25,1.6153846153846185,1.6153846153846185,long,10
2016-08-04,2016-2017,320.75,332.0,3.507404520654722,3.507404520654722,long,10
2016-08-05,2016-2017,324.25,334.25,3.084040092521212,3.084040092521212,long,10
2016-08-08,2016-2017,325.25,333.25,2.4596464258262785,2.4596464258262785,long,10
2016-08-09,2016-2017,322.25,328.5,1.9394879751745586,1.9394879751745586,long,10
2016-08-10,2016-2017,322.5,327.5,1.5503875968992276,1.5503875968992276,long,10
2016-08-11,2016-2017,321.0,323.5,0.7788161993769416,0.7788161993769416,long,10
2016-08-12,2016-2017,322.25,316.25,-1.8619084561675714,1.8619084561675714,short,10
2016-08-15,2016-2017,326.5,311.75,-4.517611026033686,4.517611026033686,short,10
2016-08-16,2016-2017,327.5,304.0,-7.175572519083973,7.175572519083973,short,10
2016-08-17,2016-2017,330.25,301.5,-8.705526116578355,8.705526116578355,short,10
2016-08-18,2016-2017,332.0,311.0,-6.325301204819278,6.325301204819278,short,10
2016-08-19,2016-2017,334.25,316.5,-5.310396409872853,5.310396409872853,short,10
2016-08-22,2016-2017,333.25,316.75,-4.951237809452358,4.951237809452358,short,10
2016-08-23,2016-2017,328.5,321.0,-2.2831050228310557,2.2831050228310557,short,10
2016-08-24,2016-2017,327.5,327.0,-0.15267175572518665,0.15267175572518665,short,10
2016-08-25,2016-2017,323.5,330.0,2.0092735703245657,2.0092735703245657,long,10
2016-08-26,2016-2017,316.25,329.25,4.110671936758892,4.110671936758892,long,10
2016-08-29,2016-2017,311.75,319.25,2.4057738572574205,2.4057738572574205,long,10
2016-08-30,2016-2017,304.0,322.25,6.0032894736842035,6.0032894736842035,long,10
2016-11-03,2016-2017,348.0,345.5,-0.7183908045977017,0.7183908045977017,short,10
2016-11-04,2016-2017,348.75,349.75,0.28673835125447855,0.28673835125447855,long,10
2016-11-07,2016-2017,346.25,351.0,1.3718411552346543,1.3718411552346543,long,10
2017-02-14,2016-2017,374.25,375.75,0.4008016032064132,0.4008016032064132,long,10
2017-02-15,2016-2017,378.75,372.75,-1.5841584158415856,1.5841584158415856,short,10
2017-02-16,2016-2017,373.5,374.75,0.33467202141901353,0.33467202141901353,long,10
2017-02-17,2016-2017,368.25,372.75,1.2219959266802416,1.2219959266802416,long,10
2017-02-21,2016-2017,369.25,369.5,0.06770480704130222,0.06770480704130222,long,10
2017-02-22,2016-2017,371.0,365.25,-1.5498652291105142,1.5498652291105142,short,10
2017-02-23,2016-2017,365.5,359.75,-1.5731874145006874,1.5731874145006874,short,10
2017-02-24,2016-2017,364.0,358.0,-1.6483516483516536,1.6483516483516536,short,10
2017-02-27,2016-2017,360.25,354.5,-1.5961138098542715,1.5961138098542715,short,10
2017-02-28,2016-2017,366.75,353.75,-3.5446489434219464,3.5446489434219464,short,10
2017-04-03,2016-2017,367.75,361.75,-1.6315431679129855,1.6315431679129855,short,10
2017-04-04,2016-2017,363.0,361.75,-0.3443526170798905,0.3443526170798905,short,10
2017-04-05,2016-2017,364.75,357.75,-1.919122686771757,1.919122686771757,short,10
2017-04-06,2016-2017,360.75,357.0,-1.039501039501034,1.039501039501034,short,10
2017-04-07,2016-2017,359.5,359.25,-0.06954102920723182,0.06954102920723182,short,10
2017-04-10,2016-2017,367.0,365.0,-0.544959128065392,0.544959128065392,short,10
2017-04-11,2016-2017,366.5,359.0,-2.046384720327421,2.046384720327421,short,10
2017-04-12,2016-2017,369.0,362.0,-1.8970189701897011,1.8970189701897011,short,10
2017-04-13,2016-2017,371.0,358.0,-3.5040431266846306,3.5040431266846306,short,10
2017-04-17,2016-2017,366.5,369.25,0.7503410641200636,0.7503410641200636,long,10
2017-04-18,2016-2017,361.75,364.0,0.621976503109889,0.621976503109889,long,10
2017-04-19,2016-2017,361.75,366.25,1.2439530062197557,1.2439530062197557,long,10
2017-07-06,2016-2017,380.25,391.0,2.827087442472065,2.827087442472065,long,10
2017-09-12,2016-2017,340.0,352.25,3.6029411764705976,3.6029411764705976,long,10
2017-09-13,2016-2017,338.5,354.0,4.579025110782875,4.579025110782875,long,10
2017-09-14,2016-2017,341.75,352.5,3.145574250182892,3.145574250182892,long,10
2017-10-16,2016-2017,350.5,348.75,-0.4992867332382356,0.4992867332382356,short,10
2017-10-17,2016-2017,350.0,345.75,-1.2142857142857122,1.2142857142857122,short,10
2017-10-18,2016-2017,348.5,348.25,-0.0717360114777632,0.0717360114777632,short,10
2017-10-19,2016-2017,349.0,350.5,0.42979942693410766,0.42979942693410766,long,10
2017-10-25,2016-2017,351.0,348.25,-0.7834757834757844,0.7834757834757844,short,10
2017-10-26,2016-2017,350.5,341.5,-2.5677603423680417,2.5677603423680417,short,10
2017-10-27,2016-2017,348.75,343.5,-1.505376344086018,1.505376344086018,short,10
2017-10-30,2016-2017,348.75,342.25,-1.8637992831541217,1.8637992831541217,short,10
2017-10-31,2016-2017,345.75,337.5,-2.386117136659438,2.386117136659438,short,10
2017-11-01,2016-2017,348.25,338.25,-2.87150035893754,2.87150035893754,short,10
2017-11-02,2016-2017,350.5,336.5,-3.9942938659058513,3.9942938659058513,short,10
2017-11-03,2016-2017,348.25,343.0,-1.5075376884422065,1.5075376884422065,short,10
2017-11-06,2016-2017,348.0,345.0,-0.8620689655172376,0.8620689655172376,short,10
2017-11-07,2016-2017,347.75,345.0,-0.790797987059666,0.790797987059666,short,10
2017-11-08,2016-2017,348.25,345.25,-0.8614501076812608,0.8614501076812608,short,10
2018-01-02,2018-2019,353.25,353.0,-0.07077140835102247,0.07077140835102247,short,10
2018-01-03,2018-2019,353.0,351.5,-0.4249291784702569,0.4249291784702569,short,10
2018-01-04,2018-2019,351.0,352.5,0.42735042735042583,0.42735042735042583,long,10
2018-01-05,2018-2019,351.25,352.0,0.2135231316725994,0.2135231316725994,long,10
2018-01-08,2018-2019,347.25,351.25,1.1519078473722022,1.1519078473722022,long,10
2018-01-09,2018-2019,349.0,356.5,2.148997134670494,2.148997134670494,long,10
2018-01-10,2018-2019,349.0,355.25,1.7908309455587412,1.7908309455587412,long,10
2018-01-11,2018-2019,348.75,356.5,2.2222222222222143,2.2222222222222143,long,10
2018-01-12,2018-2019,346.25,358.75,3.6101083032491044,3.6101083032491044,long,10
2018-01-16,2018-2019,348.25,361.5,3.804737975592243,3.804737975592243,long,10
2018-01-17,2018-2019,353.0,361.5,2.4079320113314484,2.4079320113314484,long,10
2018-01-18,2018-2019,351.5,361.75,2.916073968705546,2.916073968705546,long,10
2018-01-19,2018-2019,352.5,361.5,2.553191489361706,2.553191489361706,long,10
2018-01-22,2018-2019,352.0,358.75,1.9176136363636465,1.9176136363636465,long,10
2018-01-23,2018-2019,351.25,363.5,3.4875444839857606,3.4875444839857606,long,10
2018-01-24,2018-2019,356.5,365.25,2.4544179523141585,2.4544179523141585,long,10
2018-01-25,2018-2019,355.25,365.75,2.9556650246305383,2.9556650246305383,long,10
2018-01-26,2018-2019,356.5,362.0,1.5427769985974837,1.5427769985974837,long,10
2018-01-29,2018-2019,358.75,367.0,2.2996515679442497,2.2996515679442497,long,10
2018-01-30,2018-2019,361.5,366.75,1.4522821576763434,1.4522821576763434,long,10
2018-01-31,2018-2019,361.5,367.25,1.5905947441217094,1.5905947441217094,long,10
2018-02-01,2018-2019,361.75,367.75,1.6586040082930298,1.6586040082930298,long,10
2018-02-02,2018-2019,361.5,367.5,1.6597510373443924,1.6597510373443924,long,10
2018-02-05,2018-2019,358.75,365.5,1.8815331010452852,1.8815331010452852,long,10
2018-02-06,2018-2019,363.5,365.75,0.6189821182943644,0.6189821182943644,long,10
2018-02-07,2018-2019,365.25,366.75,0.4106776180698102,0.4106776180698102,long,10
2018-02-08,2018-2019,365.75,366.25,0.13670539986330166,0.13670539986330166,long,10
2018-02-09,2018-2019,362.0,368.5,1.7955801104972302,1.7955801104972302,long,10
2019-01-07,2018-2019,382.25,379.0,-0.8502289077828684,0.8502289077828684,short,10
2019-01-08,2018-2019,380.0,378.75,-0.3289473684210509,0.3289473684210509,short,10
2019-01-09,2018-2019,382.0,377.0,-1.308900523560208,1.308900523560208,short,10
2019-01-10,2018-2019,376.25,380.25,1.0631229235880335,1.0631229235880335,long,10
2019-01-11,2018-2019,378.25,379.75,0.396563119629878,0.396563119629878,long,10
2019-01-14,2018-2019,378.5,377.25,-0.33025099075296716,0.33025099075296716,short,10
2019-01-15,2018-2019,371.25,381.25,2.6936026936027035,2.6936026936027035,long,10
2019-01-16,2018-2019,374.0,376.5,0.6684491978609541,0.6684491978609541,long,10
2019-01-17,2018-2019,380.0,378.25,-0.4605263157894779,0.4605263157894779,short,10
2019-01-18,2018-2019,381.75,379.25,-0.6548788474132317,0.6548788474132317,short,10
2019-01-22,2018-2019,379.0,380.75,0.461741424802109,0.461741424802109,long,10
2019-01-23,2018-2019,378.75,380.0,0.3300330033003229,0.3300330033003229,long,10
2019-01-24,2018-2019,377.0,376.5,-0.13262599469495706,0.13262599469495706,short,10
2019-01-25,2018-2019,380.25,374.25,-1.5779092702169595,1.5779092702169595,short,10
2019-01-28,2018-2019,379.75,372.75,-1.8433179723502335,1.8433179723502335,short,10
2019-01-29,2018-2019,377.25,378.25,0.2650762094102088,0.2650762094102088,long,10
2019-01-30,2018-2019,381.25,378.75,-0.6557377049180357,0.6557377049180357,short,10
2019-01-31,2018-2019,376.5,374.75,-0.4648074369189903,0.4648074369189903,short,10
2019-02-01,2018-2019,378.25,374.75,-0.9253139458030413,0.9253139458030413,short,10
2019-02-04,2018-2019,379.25,369.75,-2.5049439683585972,2.5049439683585972,short,10
2019-02-05,2018-2019,380.75,370.75,-2.626395272488513,2.626395272488513,short,10
2019-02-06,2018-2019,380.0,375.5,-1.1842105263157876,1.1842105263157876,short,10
2019-02-07,2018-2019,376.5,375.25,-0.33200531208499307,0.33200531208499307,short,10
2019-02-08,2018-2019,374.25,370.5,-1.002004008016033,1.002004008016033,short,10
2019-02-11,2018-2019,372.75,366.25,-1.7437961099932897,1.7437961099932897,short,10
2019-02-12,2018-2019,378.25,363.75,-3.8334434897554504,3.8334434897554504,short,10
2019-02-13,2018-2019,378.75,362.0,-4.422442244224422,4.422442244224422,short,10
2019-02-14,2018-2019,374.75,364.0,-2.868579052701803,2.868579052701803,short,10
2019-02-15,2018-2019,374.75,365.0,-2.6017344896597683,2.6017344896597683,short,10
2019-08-14,2018-2019,359.0,362.75,1.0445682451253546,1.0445682451253546,long,10
2019-08-15,2018-2019,360.75,359.75,-0.2772002772002735,0.2772002772002735,short,10
2019-08-16,2018-2019,371.0,358.0,-3.5040431266846306,3.5040431266846306,short,10
2019-08-19,2018-2019,365.0,349.75,-4.178082191780819,4.178082191780819,short,10
2019-08-20,2018-2019,359.5,346.0,-3.7552155771905404,3.7552155771905404,short,10
2019-08-21,2018-2019,362.5,346.5,-4.413793103448271,4.413793103448271,short,10
2019-08-22,2018-2019,363.25,342.5,-5.712319339298,5.712319339298,short,10
2019-08-23,2018-2019,359.75,340.75,-5.28144544822794,5.28144544822794,short,10
2019-08-26,2018-2019,358.5,348.5,-2.789400278940024,2.789400278940024,short,10
2019-08-27,2018-2019,357.0,348.25,-2.450980392156865,2.450980392156865,short,10
2019-08-28,2018-2019,362.75,354.5,-2.274293590627152,2.274293590627152,short,10
2019-08-29,2018-2019,359.75,355.5,-1.1813759555246661,1.1813759555246661,short,10
2019-08-30,2018-2019,358.0,374.0,4.469273743016755,4.469273743016755,long,10
2019-09-03,2018-2019,349.75,368.0,5.218012866333099,5.218012866333099,long,10
2019-09-04,2018-2019,346.0,371.25,7.297687861271673,7.297687861271673,long,10
2019-09-05,2018-2019,346.5,372.75,7.575757575757569,7.575757575757569,long,10
2019-09-06,2018-2019,342.5,370.75,8.248175182481754,8.248175182481754,long,10
2019-10-25,2018-2019,386.75,377.25,-2.4563671622495176,2.4563671622495176,short,10
2019-10-28,2018-2019,384.0,373.25,-2.799479166666663,2.799479166666663,short,10
2019-10-29,2018-2019,386.25,377.75,-2.2006472491909346,2.2006472491909346,short,10
2019-10-30,2018-2019,390.75,375.25,-3.9667306461932172,3.9667306461932172,short,10
2019-10-31,2018-2019,390.0,375.75,-3.653846153846152,3.653846153846152,short,10
2019-11-01,2018-2019,389.25,371.25,-4.6242774566473965,4.6242774566473965,short,10
2019-11-04,2018-2019,383.25,367.75,-4.044357469015003,4.044357469015003,short,10
2019-11-05,2018-2019,381.75,370.0,-3.07793058284217,3.07793058284217,short,10
2019-11-06,2018-2019,378.75,366.75,-3.168316831683171,3.168316831683171,short,10
2019-11-07,2018-2019,375.25,368.5,-1.7988007994670263,1.7988007994670263,short,10
2019-11-08,2018-2019,377.25,368.75,-2.2531477799867417,2.2531477799867417,short,10
2019-11-11,2018-2019,373.25,370.5,-0.7367716008037539,0.7367716008037539,short,10
2019-11-12,2018-2019,377.75,367.5,-2.7134348113831863,2.7134348113831863,short,10
2019-11-13,2018-2019,375.25,362.75,-3.3311125916056006,3.3311125916056006,short,10
2019-11-14,2018-2019,375.75,371.25,-1.19760479041916,1.19760479041916,short,10
2019-11-15,2018-2019,371.25,373.5,0.60606060606061,0.60606060606061,long,10
2019-11-18,2018-2019,367.75,372.0,1.1556764106050332,1.1556764106050332,long,10
2019-11-19,2018-2019,370.0,368.75,-0.33783783783783994,0.33783783783783994,short,10
2019-11-20,2018-2019,366.75,365.5,-0.3408316291751867,0.3408316291751867,short,10
2019-11-21,2018-2019,368.5,366.5,-0.5427408412483015,0.5427408412483015,short,10
2019-11-22,2018-2019,368.75,365.75,-0.8135593220338966,0.8135593220338966,short,10
2019-11-25,2018-2019,370.5,363.25,-1.9568151147098534,1.9568151147098534,short,10
2019-11-26,2018-2019,367.5,357.75,-2.6530612244897944,2.6530612244897944,short,10
2019-12-17,2018-2019,390.0,391.5,0.38461538461538325,0.38461538461538325,long,10
2019-12-18,2018-2019,387.0,386.5,-0.12919896640827266,0.12919896640827266,short,10
2019-12-19,2018-2019,386.5,384.75,-0.4527813712807194,0.4527813712807194,short,10
2019-12-20,2018-2019,387.75,384.5,-0.8381689232753065,0.8381689232753065,short,10
2019-12-23,2018-2019,388.75,384.25,-1.1575562700964603,1.1575562700964603,short,10
2019-12-24,2018-2019,387.5,383.25,-1.0967741935483888,1.0967741935483888,short,10
2019-12-26,2018-2019,388.5,385.75,-0.7078507078507101,0.7078507078507101,short,10
2019-12-27,2018-2019,390.0,389.5,-0.12820512820512775,0.12820512820512775,short,10
2019-12-30,2018-2019,388.25,389.0,0.19317450096587585,0.19317450096587585,long,10
2019-12-31,2018-2019,387.75,387.5,-0.06447453255964408,0.06447453255964408,short,10
2020-01-02,2020-2021,391.5,375.5,-4.0868454661558085,4.0868454661558085,short,10
2020-01-03,2020-2021,386.5,389.25,0.7115135834411479,0.7115135834411479,long,10
2020-01-06,2020-2021,384.75,387.5,0.7147498375568606,0.7147498375568606,long,10
2020-01-07,2020-2021,384.5,388.75,1.105331599479853,1.105331599479853,long,10
2020-01-08,2020-2021,384.25,393.75,2.472348731294738,2.472348731294738,long,10
2020-01-09,2020-2021,383.25,387.25,1.0437051532941943,1.0437051532941943,long,10
2020-01-10,2020-2021,385.75,380.5,-1.3609850939727774,1.3609850939727774,short,10
2020-01-13,2020-2021,389.5,386.5,-0.7702182284980763,0.7702182284980763,short,10
2020-01-14,2020-2021,389.0,384.25,-1.2210796915167133,1.2210796915167133,short,10
2020-01-15,2020-2021,387.5,379.5,-2.0645161290322567,2.0645161290322567,short,10
2020-01-16,2020-2021,375.5,381.25,1.5312916111850816,1.5312916111850816,long,10
2020-01-17,2020-2021,389.25,378.75,-2.6974951830443183,2.6974951830443183,short,10
2020-01-21,2020-2021,387.5,382.25,-1.3548387096774195,1.3548387096774195,short,10
2020-01-22,2020-2021,388.75,380.75,-2.057877813504827,2.057877813504827,short,10
2020-01-23,2020-2021,393.75,379.25,-3.682539682539687,3.682539682539687,short,10
2020-01-24,2020-2021,387.25,383.5,-0.9683666881859287,0.9683666881859287,short,10
2020-01-27,2020-2021,380.5,381.75,0.3285151116951379,0.3285151116951379,long,10
2020-01-28,2020-2021,386.5,379.75,-1.7464424320827954,1.7464424320827954,short,10
2020-01-29,2020-2021,384.25,383.0,-0.3253090435914152,0.3253090435914152,short,10
2020-01-30,2020-2021,379.5,379.5,0.0,0.0,short,10
2020-01-31,2020-2021,381.25,377.75,-0.9180327868852478,0.9180327868852478,short,10
2020-02-03,2020-2021,378.75,383.0,1.1221122112211157,1.1221122112211157,long,10
2020-02-04,2020-2021,382.25,380.5,-0.457815565729236,0.457815565729236,short,10
2020-02-05,2020-2021,380.75,378.5,-0.5909389363099149,0.5909389363099149,short,10
2020-02-06,2020-2021,379.25,377.0,-0.5932762030323002,0.5932762030323002,short,10
2020-02-07,2020-2021,383.5,372.25,-2.933507170795302,2.933507170795302,short,10
2020-02-10,2020-2021,381.75,372.5,-2.4230517354289494,2.4230517354289494,short,10
2020-02-11,2020-2021,379.75,370.5,-2.4358130348913765,2.4358130348913765,short,10
2020-03-05,2020-2021,384.5,345.5,-10.143042912873867,10.143042912873867,short,10
2020-05-29,2020-2021,325.75,330.0,1.304681504221028,1.304681504221028,long,10
2020-06-01,2020-2021,323.25,329.25,1.8561484918793614,1.8561484918793614,long,10
2020-06-02,2020-2021,324.25,329.0,1.4649190439475657,1.4649190439475657,long,10
2020-06-18,2020-2021,331.0,342.5,3.474320241691853,3.474320241691853,long,10
2020-06-19,2020-2021,332.5,346.5,4.210526315789465,4.210526315789465,long,10
2020-06-22,2020-2021,328.25,345.0,5.1028179741051005,5.1028179741051005,long,10
2020-06-23,2020-2021,325.0,348.25,7.153846153846155,7.153846153846155,long,10
2020-06-24,2020-2021,324.25,351.25,8.326908249807241,8.326908249807241,long,10
2020-07-16,2020-2021,330.25,315.75,-4.390613171839519,4.390613171839519,short,10
2020-07-17,2020-2021,333.0,316.0,-5.1051051051051015,5.1051051051051015,short,10
2020-07-20,2020-2021,328.25,317.5,-3.2749428789032753,3.2749428789032753,short,10
2020-07-21,2020-2021,322.75,308.25,-4.492641363284278,4.492641363284278,short,10
2020-08-26,2020-2021,340.5,357.25,4.919236417033779,4.919236417033779,long,10
2020-08-27,2020-2021,344.25,365.0,6.027596223674658,6.027596223674658,long,10
2020-08-28,2020-2021,346.0,357.5,3.3236994219653093,3.3236994219653093,long,10
2020-09-14,2020-2021,357.5,366.75,2.5874125874125964,2.5874125874125964,long,10
2020-09-15,2020-2021,366.0,364.75,-0.3415300546448119,0.3415300546448119,short,10
2020-12-22,2020-2021,443.5,494.0,11.386696730552416,11.386696730552416,long,10
2020-12-23,2020-2021,447.25,496.25,10.955841252096143,10.955841252096143,long,10
2020-12-30,2020-2021,474.5,534.25,12.592202318229706,12.592202318229706,long,10
2020-12-31,2020-2021,484.0,531.5,9.814049586776852,9.814049586776852,long,10
2021-01-04,2020-2021,483.75,526.0,8.733850129198961,8.733850129198961,long,10
2021-01-05,2020-2021,491.75,522.0,6.1514997458058,6.1514997458058,long,10
2021-03-19,2020-2021,557.75,553.25,-0.8068130883012059,0.8068130883012059,short,10
2021-03-22,2020-2021,549.0,554.25,0.95628415300546,0.95628415300546,long,10
2021-03-23,2020-2021,551.25,560.5,1.6780045351473927,1.6780045351473927,long,10
2021-03-24,2020-2021,553.25,579.75,4.789877993673741,4.789877993673741,long,10
2021-03-25,2020-2021,546.5,577.25,5.626715462031107,5.626715462031107,long,10
2021-03-26,2020-2021,552.5,569.0,2.9864253393665052,2.9864253393665052,long,10
2021-03-29,2020-2021,546.75,580.0,6.081390032007317,6.081390032007317,long,10
2021-07-16,2020-2021,556.0,547.0,-1.618705035971224,1.618705035971224,short,10
2021-07-19,2020-2021,556.0,558.75,0.49460431654675396,0.49460431654675396,long,10
2021-08-05,2020-2021,555.75,550.0,-1.0346378767431386,1.0346378767431386,short,10
2021-08-06,2020-2021,555.0,538.75,-2.9279279279279313,2.9279279279279313,short,10
2021-08-09,2020-2021,550.25,538.0,-2.22626079054975,2.22626079054975,short,10
2021-08-10,2020-2021,549.25,544.5,-0.8648156577150679,0.8648156577150679,short,10
2021-08-11,2020-2021,556.25,551.25,-0.8988764044943864,0.8988764044943864,short,10
2021-08-12,2020-2021,567.0,552.75,-2.5132275132275117,2.5132275132275117,short,10
2021-08-13,2020-2021,568.25,558.0,-1.80378354597448,1.80378354597448,short,10
2021-08-16,2020-2021,564.75,540.25,-4.338202744577247,4.338202744577247,short,10
2021-08-17,2020-2021,558.25,534.0,-4.343931930138822,4.343931930138822,short,10
2021-08-18,2020-2021,561.75,515.5,-8.233199821984872,8.233199821984872,short,10
2021-08-19,2020-2021,550.0,516.25,-6.13636363636364,6.13636363636364,short,10
2021-08-20,2020-2021,538.75,508.0,-5.707656612529,5.707656612529,short,10
2021-08-23,2020-2021,538.0,495.75,-7.8531598513011165,7.8531598513011165,short,10
2021-08-24,2020-2021,544.5,498.25,-8.494031221303944,8.494031221303944,short,10
2021-08-25,2020-2021,551.25,496.0,-10.02267573696145,10.02267573696145,short,10
2021-09-02,2020-2021,516.25,527.25,2.130750605326881,2.130750605326881,long,10
2021-09-03,2020-2021,508.0,521.75,2.706692913385833,2.706692913385833,long,10
2021-09-07,2020-2021,495.75,517.0,4.2864346949067045,4.2864346949067045,long,10
2021-09-08,2020-2021,498.25,525.5,5.469141996989468,5.469141996989468,long,10
2021-09-09,2020-2021,496.0,529.25,6.703629032258074,6.703629032258074,long,10
2021-09-28,2020-2021,532.5,522.5,-1.8779342723004744,1.8779342723004744,short,10
2021-09-29,2020-2021,539.0,512.25,-4.96289424860853,4.96289424860853,short,10
2021-09-30,2020-2021,536.75,516.75,-3.7261294829995295,3.7261294829995295,short,10
2021-10-01,2020-2021,541.5,525.75,-2.908587257617734,2.908587257617734,short,10
2021-10-04,2020-2021,540.75,532.75,-1.4794267221451718,1.4794267221451718,short,10
2021-10-05,2020-2021,537.5,530.25,-1.3488372093023226,1.3488372093023226,short,10
2021-10-06,2020-2021,532.25,539.25,1.3151714419915361,1.3151714419915361,long,10
2021-10-07,2020-2021,534.0,532.25,-0.327715355805247,0.327715355805247,short,10
2021-10-08,2020-2021,530.5,538.0,1.413760603204528,1.413760603204528,long,10
2021-10-11,2020-2021,533.0,538.0,0.9380863039399667,0.9380863039399667,long,10
2021-10-12,2020-2021,522.5,543.5,4.019138755980856,4.019138755980856,long,10
2021-11-17,2020-2021,575.25,577.0,0.3042155584528361,0.3042155584528361,long,10
2021-11-18,2020-2021,573.0,586.0,2.2687609075043635,2.2687609075043635,long,10
2021-11-19,2020-2021,570.75,583.5,2.233902759526929,2.233902759526929,long,10
2021-11-22,2020-2021,576.75,586.25,1.6471608149111416,1.6471608149111416,long,10
2021-11-23,2020-2021,580.5,584.75,0.7321274763135266,0.7321274763135266,long,10
2021-11-24,2020-2021,579.75,588.5,1.5092712376024053,1.5092712376024053,long,10
2021-11-26,2020-2021,586.75,588.5,0.29825308904984915,0.29825308904984915,long,10
2021-11-29,2020-2021,581.0,584.25,0.5593803786574814,0.5593803786574814,long,10
2022-01-03,2022-2023,589.25,599.5,1.7394993635977851,1.7394993635977851,long,10
2022-01-04,2022-2023,609.5,610.5,0.1640689089417613,0.1640689089417613,long,10
2022-01-05,2022-2023,602.25,611.0,1.4528850145288486,1.4528850145288486,long,10
2022-01-06,2022-2023,603.75,616.25,2.0703933747411973,2.0703933747411973,long,10
2022-01-07,2022-2023,606.75,621.0,2.348578491965392,2.348578491965392,long,10
2022-01-10,2022-2023,599.75,620.0,3.3764068361817445,3.3764068361817445,long,10
2022-01-11,2022-2023,601.0,627.0,4.3261231281197965,4.3261231281197965,long,10
2022-01-12,2022-2023,599.0,625.25,4.382303839732882,4.382303839732882,long,10
2022-01-13,2022-2023,587.5,636.0,8.25531914893618,8.25531914893618,long,10
2022-01-14,2022-2023,596.25,626.0,4.98951781970649,4.98951781970649,long,10
2022-01-18,2022-2023,599.5,634.75,5.879899916597164,5.879899916597164,long,10
2022-01-19,2022-2023,610.5,622.5,1.9656019656019597,1.9656019656019597,long,10
2022-01-20,2022-2023,611.0,616.75,0.9410801963993354,0.9410801963993354,long,10
2022-01-21,2022-2023,616.25,620.5,0.6896551724137945,0.6896551724137945,long,10
2022-01-24,2022-2023,621.0,635.25,2.2946859903381744,2.2946859903381744,long,10
2022-01-25,2022-2023,620.0,632.25,1.9758064516129048,1.9758064516129048,long,10
2022-01-26,2022-2023,627.0,646.75,3.149920255183414,3.149920255183414,long,10
2022-01-27,2022-2023,625.25,641.75,2.6389444222311154,2.6389444222311154,long,10
2022-01-28,2022-2023,636.0,651.0,2.358490566037741,2.358490566037741,long,10
2022-01-31,2022-2023,626.0,655.75,4.752396166134187,4.752396166134187,long,10
2022-02-01,2022-2023,634.75,638.0,0.5120126033871575,0.5120126033871575,long,10
2022-02-02,2022-2023,622.5,647.0,3.935742971887546,3.935742971887546,long,10
2022-02-03,2022-2023,616.75,650.0,5.391163356303208,5.391163356303208,long,10
2022-02-04,2022-2023,620.5,654.25,5.439161966156325,5.439161966156325,long,10
2022-02-07,2022-2023,635.25,674.75,6.218024399842581,6.218024399842581,long,10
2022-02-08,2022-2023,632.25,683.75,8.14551206010281,8.14551206010281,long,10
2022-02-09,2022-2023,646.75,695.0,7.460378817162727,7.460378817162727,long,10
2022-02-10,2022-2023,641.75,659.5,2.7658745617452185,2.7658745617452185,long,10
2022-02-11,2022-2023,651.0,697.5,7.14285714285714,7.14285714285714,long,10
2022-02-14,2022-2023,655.75,739.75,12.80975981700343,12.80975981700343,long,10
2022-04-05,2022-2023,759.75,815.75,7.370845672918724,7.370845672918724,long,10
2022-04-06,2022-2023,756.5,799.25,5.651024454725717,5.651024454725717,long,10
2022-04-07,2022-2023,757.75,793.0,4.651930056087106,4.651930056087106,long,10
2022-04-08,2022-2023,768.75,800.25,4.09756097560976,4.09756097560976,long,10
2022-04-11,2022-2023,764.5,803.25,5.068672334859392,5.068672334859392,long,10
2022-04-12,2022-2023,776.25,815.5,5.056360708534613,5.056360708534613,long,10
2022-04-13,2022-2023,783.5,816.0,4.148053605615831,4.148053605615831,long,10
2022-04-14,2022-2023,790.25,818.25,3.543182537171785,3.543182537171785,long,10
2022-05-18,2022-2023,781.5,730.25,-6.5579014715291155,6.5579014715291155,short,10
2022-05-19,2022-2023,783.25,727.0,-7.1816150654324895,7.1816150654324895,short,10
2022-05-20,2022-2023,778.75,742.5,-4.65489566613162,4.65489566613162,short,10
2022-06-02,2022-2023,730.25,788.25,7.942485450188297,7.942485450188297,long,10
2022-07-18,2022-2023,612.25,607.0,-0.8574928542262161,0.8574928542262161,short,10
2022-07-19,2022-2023,596.75,591.25,-0.9216589861751112,0.9216589861751112,short,10
2022-07-20,2022-2023,592.25,591.5,-0.12663571127057294,0.12663571127057294,short,10
2022-07-21,2022-2023,575.75,602.25,4.602692140686071,4.602692140686071,long,10
2022-08-11,2022-2023,629.25,657.5,4.489471593166461,4.489471593166461,long,10
2022-11-09,2022-2023,664.5,663.25,-0.18811136192625755,0.18811136192625755,short,10
2023-02-07,2022-2023,674.0,674.0,0.0,0.0,short,10
2023-02-08,2022-2023,678.5,660.25,-2.689756816507005,2.689756816507005,short,10
2023-02-09,2022-2023,670.75,650.0,-3.0935519940365253,3.0935519940365253,short,10
2023-02-27,2022-2023,642.75,624.5,-2.839362115908206,2.839362115908206,short,10
2023-03-10,2022-2023,624.25,643.0,3.0036043251902234,3.0036043251902234,long,10
2023-03-13,2022-2023,624.5,648.25,3.803042433947157,3.803042433947157,long,10
2023-03-14,2022-2023,627.5,647.25,3.1474103585657387,3.1474103585657387,long,10
2023-03-15,2022-2023,626.5,650.5,3.8308060654429266,3.8308060654429266,long,10
2023-03-16,2022-2023,632.75,649.5,2.6471750296325647,2.6471750296325647,long,10
2023-03-17,2022-2023,634.25,660.5,4.1387465510445365,4.1387465510445365,long,10
2023-03-20,2022-2023,633.0,657.75,3.90995260663507,3.90995260663507,long,10
2023-03-21,2022-2023,630.0,653.75,3.7698412698412787,3.7698412698412787,long,10
2023-03-22,2022-2023,633.5,652.75,3.038674033149169,3.038674033149169,long,10
2023-03-23,2022-2023,631.75,643.5,1.8599129402453451,1.8599129402453451,long,10
2023-03-24,2022-2023,643.0,654.0,1.710730948678063,1.710730948678063,long,10
2023-03-27,2022-2023,648.25,651.0,0.4242190512919297,0.4242190512919297,long,10
2023-03-28,2022-2023,647.25,656.0,1.351873310158358,1.351873310158358,long,10
2023-04-28,2022-2023,636.0,633.25,-0.432389937106914,0.432389937106914,short,10
2023-05-01,2022-2023,639.5,592.5,-7.349491790461293,7.349491790461293,short,10
2023-05-02,2022-2023,638.0,581.25,-8.894984326018808,8.894984326018808,short,10
2023-05-03,2022-2023,645.25,561.5,-12.979465323518014,12.979465323518014,short,10
2023-05-16,2022-2023,581.25,594.0,2.1935483870967776,2.1935483870967776,long,10
2023-05-17,2022-2023,561.5,592.5,5.520926090828149,5.520926090828149,long,10
2023-08-11,2022-2023,474.5,470.75,-0.7903055848261342,0.7903055848261342,short,10
2023-08-14,2022-2023,475.75,478.5,0.5780346820809301,0.5780346820809301,long,10
2023-08-15,2022-2023,464.0,469.5,1.18534482758621,1.18534482758621,long,10
2023-08-16,2022-2023,469.5,461.75,-1.650692225772099,1.650692225772099,short,10
2023-08-17,2022-2023,473.0,461.0,-2.5369978858350906,2.5369978858350906,short,10
2023-08-18,2022-2023,479.5,464.75,-3.07612095933264,3.07612095933264,short,10
2023-08-21,2022-2023,469.25,471.0,0.3729355354288755,0.3729355354288755,long,10
2023-08-22,2022-2023,466.5,471.5,1.0718113612004254,1.0718113612004254,long,10
2023-08-23,2022-2023,476.25,470.75,-1.1548556430446166,1.1548556430446166,short,10
2023-08-24,2022-2023,472.25,468.5,-0.7940709370037102,0.7940709370037102,short,10
2023-08-25,2022-2023,470.75,471.25,0.10621348911312722,0.10621348911312722,long,10
2023-08-28,2022-2023,478.5,463.25,-3.1870428422152597,3.1870428422152597,short,10
2023-08-29,2022-2023,469.5,464.0,-1.1714589989350377,1.1714589989350377,short,10
2023-08-30,2022-2023,461.75,462.5,0.16242555495398214,0.16242555495398214,long,10
2023-08-31,2022-2023,461.0,476.25,3.3080260303687714,3.3080260303687714,long,10
2023-09-01,2022-2023,464.75,471.5,1.452393760086057,1.452393760086057,long,10
2023-09-05,2022-2023,471.0,476.25,1.1146496815286566,1.1146496815286566,long,10
2023-09-06,2022-2023,471.5,482.25,2.279957582184511,2.279957582184511,long,10
2023-09-07,2022-2023,470.75,475.25,0.9559214020180562,0.9559214020180562,long,10
2023-09-08,2022-2023,468.5,477.25,1.8676627534685242,1.8676627534685242,long,10
2023-09-11,2022-2023,471.25,481.25,2.1220159151193574,2.1220159151193574,long,10
2023-09-12,2022-2023,463.25,479.75,3.5617916891527157,3.5617916891527157,long,10
2023-09-13,2022-2023,464.0,483.25,4.148706896551735,4.148706896551735,long,10
2023-09-14,2022-2023,462.5,488.5,5.621621621621631,5.621621621621631,long,10
2023-09-15,2022-2023,476.25,476.75,0.10498687664042272,0.10498687664042272,long,10
2023-09-18,2022-2023,471.5,488.75,3.658536585365857,3.658536585365857,long,10
2023-09-19,2022-2023,476.25,487.5,2.3622047244094446,2.3622047244094446,long,10
2023-09-20,2022-2023,482.25,486.0,0.7776049766718529,0.7776049766718529,long,10
2023-09-21,2022-2023,475.25,497.5,4.681746449237245,4.681746449237245,long,10
2023-09-22,2022-2023,477.25,492.0,3.0906233630172864,3.0906233630172864,long,10
2023-09-25,2022-2023,481.25,488.25,1.454545454545464,1.454545454545464,long,10
2023-09-26,2022-2023,479.75,485.5,1.1985409067222452,1.1985409067222452,long,10
2023-09-27,2022-2023,483.25,488.0,0.9829280910501836,0.9829280910501836,long,10
2023-09-28,2022-2023,488.5,496.0,1.535312180143289,1.535312180143289,long,10
2023-10-31,2022-2023,478.75,478.25,-0.1044386422976551,0.1044386422976551,short,10
2023-11-01,2022-2023,475.0,470.75,-0.8947368421052593,0.8947368421052593,short,10
2023-11-02,2022-2023,470.0,474.75,1.010638297872335,1.010638297872335,long,10
2023-11-03,2022-2023,477.25,467.0,-2.1477213200628564,2.1477213200628564,short,10
2023-11-06,2022-2023,477.25,469.5,-1.623886851754841,1.623886851754841,short,10
2023-11-07,2022-2023,468.5,470.0,0.32017075773747017,0.32017075773747017,long,10
2023-11-08,2022-2023,476.0,468.75,-1.5231092436974736,1.5231092436974736,short,10
2023-11-09,2022-2023,468.0,463.25,-1.0149572649572614,1.0149572649572614,short,10
2024-01-02,2024-2025,463.75,442.25,-4.636118598382755,4.636118598382755,short,10
2024-01-03,2024-2025,465.25,444.0,-4.567436861902207,4.567436861902207,short,10
2024-01-04,2024-2025,466.5,445.5,-4.5016077170418,4.5016077170418,short,10
2024-01-05,2024-2025,460.75,445.75,-3.255561584373301,3.255561584373301,short,10
2024-01-08,2024-2025,455.0,446.5,-1.8681318681318726,1.8681318681318726,short,10
2024-01-09,2024-2025,459.25,452.25,-1.5242242787152915,1.5242242787152915,short,10
2024-01-10,2024-2025,459.5,451.75,-1.6866158868335202,1.6866158868335202,short,10
2024-01-11,2024-2025,457.75,446.25,-2.5122883670125606,2.5122883670125606,short,10
2024-01-12,2024-2025,447.0,440.25,-1.5100671140939603,1.5100671140939603,short,10
2024-01-16,2024-2025,443.5,447.75,0.9582863585118284,0.9582863585118284,long,10
2024-01-17,2024-2025,442.25,448.25,1.3566986998304165,1.3566986998304165,long,10
2024-01-18,2024-2025,444.0,447.25,0.7319819819819884,0.7319819819819884,long,10
2024-01-19,2024-2025,445.5,442.75,-0.6172839506172867,0.6172839506172867,short,10
2024-01-22,2024-2025,445.75,442.75,-0.6730229949523325,0.6730229949523325,short,10
2024-01-23,2024-2025,446.5,438.75,-1.7357222844344933,1.7357222844344933,short,10
2024-01-24,2024-2025,452.25,434.25,-3.9800995024875663,3.9800995024875663,short,10
2024-01-25,2024-2025,451.75,433.25,-4.095185390149414,4.095185390149414,short,10
2024-01-26,2024-2025,446.25,429.0,-3.8655462184873923,3.8655462184873923,short,10
2024-01-29,2024-2025,440.25,430.5,-2.2146507666098825,2.2146507666098825,short,10
2024-01-30,2024-2025,447.75,430.75,-3.7967615857063097,3.7967615857063097,short,10
2024-01-31,2024-2025,448.25,424.25,-5.354155047406584,5.354155047406584,short,10
2024-02-01,2024-2025,447.25,417.75,-6.595863610955844,6.595863610955844,short,10
2024-02-02,2024-2025,442.75,416.5,-5.928853754940711,5.928853754940711,short,10
2024-02-05,2024-2025,442.75,418.75,-5.420666290231512,5.420666290231512,short,10
2024-02-06,2024-2025,438.75,411.0,-6.3247863247863245,6.3247863247863245,short,10
2024-02-07,2024-2025,434.25,406.0,-6.5054691997697205,6.5054691997697205,short,10
2024-02-08,2024-2025,433.25,399.75,-7.732256203115984,7.732256203115984,short,10
2024-02-09,2024-2025,429.0,407.0,-5.128205128205132,5.128205128205132,short,10
2024-02-12,2024-2025,430.5,408.25,-5.168408826945415,5.168408826945415,short,10
2024-02-13,2024-2025,430.75,413.25,-4.062681369704002,4.062681369704002,short,10
2024-02-14,2024-2025,424.25,415.75,-2.003535651149091,2.003535651149091,short,10
2024-02-15,2024-2025,417.75,412.25,-1.3165769000598404,1.3165769000598404,short,10
2024-02-16,2024-2025,416.5,417.5,0.24009603841537164,0.24009603841537164,long,10
2024-03-20,2024-2025,439.0,435.25,-0.8542141230068356,0.8542141230068356,short,10
2024-07-01,2024-2025,398.25,395.75,-0.6277463904582503,0.6277463904582503,short,10
2024-07-02,2024-2025,402.0,398.0,-0.995024875621886,0.995024875621886,short,10
2024-07-03,2024-2025,403.5,391.25,-3.0359355638166052,3.0359355638166052,short,10
2024-07-05,2024-2025,411.25,390.5,-5.045592705167168,5.045592705167168,short,10
2024-07-08,2024-2025,395.75,400.25,1.137081490840175,1.137081490840175,long,10
2024-09-17,2024-2025,412.5,429.0,4.0000000000000036,4.0000000000000036,long,10
2024-09-18,2024-2025,412.75,432.5,4.784978800726836,4.784978800726836,long,10
2024-09-19,2024-2025,405.75,428.25,5.5452865064695045,5.5452865064695045,long,10
2024-10-14,2024-2025,408.25,410.75,0.6123698714023185,0.6123698714023185,long,10
2024-10-15,2024-2025,401.25,413.75,3.1152647975077885,3.1152647975077885,long,10
2024-10-16,2024-2025,404.75,411.5,1.6676961087090714,1.6676961087090714,long,10
2024-10-17,2024-2025,406.75,410.75,0.9834050399508243,0.9834050399508243,long,10
2024-11-05,2024-2025,418.5,427.25,2.0908004778972478,2.0908004778972478,long,10
2024-11-06,2024-2025,426.25,430.25,0.9384164222873803,0.9384164222873803,long,10
2024-11-07,2024-2025,427.5,426.75,-0.17543859649122862,0.17543859649122862,short,10
2024-11-08,2024-2025,431.0,425.5,-1.2761020881670526,1.2761020881670526,short,10
2024-12-27,2024-2025,454.0,476.5,4.955947136563887,4.955947136563887,long,10
2025-01-22,2024-2025,484.25,493.25,1.858544140423346,1.858544140423346,long,10
2025-01-23,2024-2025,489.75,495.25,1.1230219499744676,1.1230219499744676,long,10
2025-01-24,2024-2025,486.5,487.5,0.20554984583760483,0.20554984583760483,long,10
2025-01-27,2024-2025,482.0,491.5,1.970954356846466,1.970954356846466,long,10
2025-01-28,2024-2025,485.25,484.0,-0.25759917568263235,0.25759917568263235,short,10
2025-01-29,2024-2025,497.0,490.25,-1.358148893360156,1.358148893360156,short,10
2025-01-30,2024-2025,490.25,493.5,0.6629270780214247,0.6629270780214247,long,10
2025-01-31,2024-2025,482.0,496.25,2.956431535269699,2.956431535269699,long,10
2025-02-03,2024-2025,488.75,502.0,2.710997442455243,2.710997442455243,long,10
2025-02-04,2024-2025,494.5,497.5,0.6066734074823055,0.6066734074823055,long,10
2025-02-05,2024-2025,493.25,498.0,0.9630005068423708,0.9630005068423708,long,10
2025-02-06,2024-2025,495.25,491.25,-0.8076728924785503,0.8076728924785503,short,10
2025-02-07,2024-2025,487.5,482.5,-1.025641025641022,1.025641025641022,short,10
2025-02-10,2024-2025,491.5,479.75,-2.390640895218721,2.390640895218721,short,10
2025-06-26,2024-2025,409.5,403.0,-1.5873015873015928,1.5873015873015928,short,10
2025-06-27,2024-2025,417.5,412.75,-1.1377245508982003,1.1377245508982003,short,10
2025-06-30,2024-2025,420.5,401.25,-4.577883472057076,4.577883472057076,short,10
2025-09-17,2024-2025,426.75,416.5,-2.401874633860579,2.401874633860579,short,10
2025-09-18,2024-2025,423.75,421.75,-0.471976401179941,0.471976401179941,short,10
2025-09-19,2024-2025,424.0,419.0,-1.1792452830188704,1.1792452830188704,short,10
2025-09-22,2024-2025,421.75,421.75,0.0,0.0,short,10
2025-09-23,2024-2025,426.25,419.75,-1.5249266862170097,1.5249266862170097,short,10
2025-09-24,2024-2025,424.25,422.0,-0.5303476723629963,0.5303476723629963,short,10
2025-09-25,2024-2025,425.75,418.25,-1.7615971814445075,1.7615971814445075,short,10
2025-09-26,2024-2025,422.0,413.0,-2.1327014218009532,2.1327014218009532,short,10
2025-09-29,2024-2025,421.5,410.75,-2.5504151838671385,2.5504151838671385,short,10
2025-09-30,2024-2025,415.5,413.0,-0.6016847172081841,0.6016847172081841,short,10
